url,label
https://www.irishtimes.com/business/2025/11/17/central-bank-warns-of-risks-to-ireland-amid-stretched-us-tech-valuations/,left
https://www.irishtimes.com/sport/rugby/2025/11/05/gordon-darcy-stuart-mccloskeys-late-career-resurgence-can-inspire-others/,left
https://www.nbcnews.com/politics/trump-administration/treasury-secretary-bessent-us-wont-enter-recession-2026-economy-rcna245411,left
https://www.theverge.com/ai-artificial-intelligence/829179/david-sacks-ai-executive-order,left
https://www.cbsnews.com/news/what-will-happen-to-home-prices-in-2026-heres-what-experts-say-buyers-should-know-now/,left
https://abcnews.go.com/Business/wireStory/mixed-quarter-home-depot-fewer-storms-cautious-consumer-127622789,left
https://www.irishtimes.com/business/2025/11/04/penneys-owner-expects-subdued-consumer-mood-to-remain-in-2026-as-sales-fall/,left
https://www.cbsnews.com/video/toymaker-takes-tariff-fight-to-supreme-court-i-definitely-want-my-money-back/,left
https://www.nbcnews.com/politics/supreme-court/trump-tariffs-supreme-court-arguments-rcna241615,left
https://abcnews.go.com/Health/wireStory/uk-us-agree-zero-tariff-deal-pharmaceuticals-128003967,left
https://abcnews.go.com/world-news-tonight-with-david-muirT/video/lady-melania-trump-speaks-signing-fostering-future-executive-127505562,left
https://www.nbcnews.com/news/us-news/shutdown-deal-arctic-blast-storm-season-morning-rundown-rcna242952,left
https://www.irishtimes.com/business/2025/11/17/is-irelands-supercharged-growth-a-mirage/,left
https://www.theverge.com/news/835420/sony-a7v-mirrorless-camera-partially-stacked-sensor-price-specs,left
https://abcnews.go.com/Business/trump-committed-2000-tariff-dividend-payments-white-house/story?id=127460426,left
https://www.cbsnews.com/news/tariff-lawsuit-supreme-court-rick-woldenberg/,left
https://www.usatoday.com/story/sports/college/2025/11/11/donald-trump-calls-into-pat-mcafee-show-talks-nick-saban-future-of-college-sports-nil-ncaa/87216089007/,left
https://www.irishtimes.com/business/2025/11/21/markets-move-higher-as-investors-eye-fed-rate-cut/,left
https://abcnews.go.com/Business/delays-smaller-payments-snap-funding-work/story?id=127129130,left
https://www.nbcnews.com/business/business-news/trump-tariffs-village-lighting-holidays-rcna245857,left
http://nymag.com/intelligencer/article/the-gops-affordability-agenda-promise-to-give-people-cash.html,left
https://www.theverge.com/gadgets/836519/nintendo-switch-2-mario-kart-world-bundle-walmart-deal,left
https://www.cnn.com/2025/11/09/politics/usda-pauses-snap-benefits,left
https://abcnews.go.com/Business/wireStory/trump-expands-tariff-relief-coffee-fruit-beef-brazil-127731133,left
https://abcnews.go.com/Technology/video/ai-toys-sale-suspended-dangerous-messages-kids-127749242,left
https://www.cbsnews.com/news/trump-administration-trade-frameworks-argentina-guatemala-el-salvador-ecuador/,left
https://abcnews.go.com/US/insane-aca-policyholders-soaring-premiums-jeopardizing-lives/story?id=127167413,left
https://www.cbsnews.com/news/us-farms-financial-challenges-60-minutes/,left
https://abcnews.go.com/GMA/News/costco-seeks-full-refund-tariffs-new-lawsuit-trump/story?id=128032688,left
https://www.cbsnews.com/video/amy-klobuchar-future-capitalism-at-stake-supreme-court-tariffs-case/,left
http://nymag.com/intelligencer/article/treasury-chief-hopes-you-dont-cash-trumps-usd2-000-checks.html,left
https://abcnews.go.com/Politics/live-updates/trump-admin-live-updates/?id=127815197,left
https://www.cnn.com/2025/11/06/business/supreme-court-trump-tariffs-economy,left
https://www.cbsnews.com/news/for-some-us-soybean-farmers-china-trade-deal-may-not-be-enough-to-save-farm-60-minutes-transcript/,left
https://abcnews.go.com/Entertainment/video/leonardo-dicaprio-eulogizes-primatologist-jane-goodall-127505858,left
https://abcnews.go.com/Business/wireStory/samsung-south-korean-firms-pledge-larger-domestic-investments-127571458,left
https://abcnews.go.com/Politics/wireStory/50-year-mortgages-nfl-kickoff-rules-trumps-latest-127477706,left
https://www.irishtimes.com/business/2025/12/02/comreg-begins-high-court-bid-to-make-sky-end-automatic-subscriber-renewals/,left
https://www.usatoday.com/story/money/2025/11/15/trump-tariff-dividend-check-odds/87290885007/,left
https://abcnews.go.com/Politics/video/nancy-pelosi-announces-retirement-congress-127259221,left
https://www.cbsnews.com/news/face-the-nation-full-transcript-11-09-2025/,left
https://www.cbsnews.com/news/supreme-court-trump-tariffs-arguments/,left
http://nymag.com/intelligencer/article/trump-really-wants-to-mail-out-2k-checks-with-his-signature.html,left
https://abcnews.go.com/Business/wireStory/top-diplomats-g7-countries-meet-canada-trade-tensions-127408693,left
https://www.cnn.com/2025/11/25/americas/brazil-bolsonaro-begins-prison-sentence-latam-intl,left
https://www.cnn.com/2025/12/01/business/black-friday-shoppers-holiday-season,left
https://www.irishtimes.com/world/us/2025/11/21/amid-ominous-polls-republicans-start-to-express-dissent-towards-trump-for-the-first-time/,left
https://www.cbsnews.com/news/trump-2000-tariff-rebate-check-what-to-know/,left
https://www.cbsnews.com/news/white-house-brazil-tariffs-foods-exempt/,left
https://www.cbsnews.com/video/supreme-court-hearing-arguments-on-trumps-tariffs/,left
https://abcnews.go.com/US/wireStory/national-retail-federation-predicts-1-trillion-holiday-shopping-127268560,left
https://abcnews.go.com/Politics/wireStory/trump-ramping-new-effort-convince-skeptical-public-fix-127284064,left
https://abcnews.go.com/Business/wireStory/supreme-court-arguments-trumps-tariffs-127205907,left
https://abcnews.go.com/Politics/white-house-announces-south-american-trade-deals-lower/story?id=127507073,left
https://www.nbcnews.com/health/health-news/trumps-push-lower-cost-drugs-zepbound-wegovy-sidelines-medicare-negoti-rcna243030,left
https://www.theverge.com/tech/819200/oneplus-15-on-sale-us-delay-fcc,left
https://www.irishtimes.com/business/economy/2025/11/06/us-supreme-court-appears-sceptical-of-legal-basis-for-trump-tariffs/,left
https://www.nbcnews.com/news/us-news/weekend-rundown-november-23-rcna245240,left
https://www.cnn.com/2025/11/18/business/prices-economy-tariff-small-business,left
https://www.irishtimes.com/world/europe/2025/11/27/mormon-missionary-turned-tariff-hawk-the-curious-european-past-of-trumps-trade-enforcer/,left
https://www.cbsnews.com/video/supreme-court-appears-push-back-against-trump-administration-lawyer-over-tariffs/,left
https://abcnews.go.com/International/wireStory/brazils-lula-call-trump-tariff-talks-stall-pushes-127177810,left
https://abcnews.go.com/International/wireStory/top-diplomats-talk-ukraines-foreign-minister-g7-meeting-127446453,left
https://www.irishtimes.com/world/us/2025/11/15/trump-rolls-back-tariffs-on-beef-coffee-and-other-foods-as-inflation-concerns-mount/,left
https://www.nbcnews.com/health/health-news/medicare-announces-price-cuts-15-prescription-drugs-ozempic-rcna240466,left
https://abcnews.go.com/International/wireStory/brazilian-police-crack-48b-tax-evasion-money-laundering-127930215,left
https://www.nbcnews.com/business/business-news/italian-pasta-tariffs-trump-rcna243264,left
https://www.cnn.com/2025/11/03/politics/november-snap-benefits-government-trump,left
https://abcnews.go.com/International/wireStory/chinas-factory-activity-contracts-8th-month-november-despite-127972585,left
https://www.wired.com/story/tiktok-shop-sales-global-ecommerce/,left
https://www.cbsnews.com/news/black-friday-fewer-discounts-tariffs/,left
https://abcnews.go.com/International/wireStory/brazils-supreme-court-panel-unanimously-rejects-bolsonaros-appeal-127312671,left
https://www.irishtimes.com/culture/art/2025/11/23/john-singer-sargent-the-american-painter-who-became-an-honorary-frenchman/,left
https://www.nbcnews.com/news/us-news/weekend-rundown-november-9-rcna242645,left
https://www.cbsnews.com/live-updates/election-day-2025-voting-results/,left
https://abcnews.go.com/International/video/fish-swim-diners-flooded-thai-restaurant-127528593,left
https://www.nbcnews.com/select/shopping/what-to-buy-skip-black-friday-cyber-monday-2025-rcna244343,left
https://www.irishtimes.com/business/2025/11/12/ecb-vice-president-says-simplification-agenda-must-be-matched-by-true-single-market/,left
https://www.cbsnews.com/news/face-the-nation-full-transcript-11-16-2025/,left
https://abcnews.go.com/Business/trumps-promise-2000-tariff-dividend-payments/story?id=127373376,left
https://abcnews.go.com/International/wireStory/aficionados-fret-trump-moves-make-pasta-great-127548406,left
https://www.irishtimes.com/business/2025/11/29/brazil-offers-lesson-in-winning-in-trumps-economic-taco-trade-style/,left
https://abcnews.go.com/Business/wireStory/sellers-countries-struggle-maintain-us-customers-holiday-shopping-127885211,left
https://www.theverge.com/gadgets/826416/best-nintendo-black-friday-deals-switch-games-amiibo-sale-2025,left
https://abcnews.go.com/US/stake-high-profile-supreme-court-case-tariffs-analysis/story?id=127133183,left
https://www.wired.com/story/europe-bends-us-digital-policies-eu-ai-act/,left
https://www.irishtimes.com/business/economy/2025/12/02/corporation-tax-take-heads-for-10bn-in-november-say-analysts/,left
https://www.cbsnews.com/video/breaking-down-supreme-court-arguments-over-trumps-sweeping-tariffs/,left
https://www.nbcnews.com/business/markets/stock-market-update-ai-losses-rcna242592,left
https://www.cnn.com/2025/11/03/business/fed-governor-lisa-cook-makes-first-public-remarks-since-trump-said-he-fired-her,left
https://abcnews.go.com/Business/wireStory/trump-tariff-options-supreme-court-strikes-worldwide-import-127244165,left
https://abcnews.go.com/International/wireStory/african-nation-built-development-diamonds-now-crashing-127956859,left
https://abcnews.go.com/Politics/trumps-supreme-court-nominees-save-tariffs-analysis/story?id=127265047,left
https://www.irishtimes.com/opinion/editorials/2025/11/24/the-irish-times-view-on-irelands-foreign-relations-helen-mcentees-diplomatic-tests/,left
https://www.nbcnews.com/politics/trump-administration/trump-floats-giving-americans-cash-health-care-tariff-dividends-rcna242835,left
https://www.irishtimes.com/world/us/2025/11/26/trump-talks-turkey-and-trash-as-americans-look-to-thanksgiving-and-cost-of-living/,left
https://www.cnn.com/2025/11/14/business/cost-of-living-affordability-plan-trump,left
https://abcnews.go.com/US/trump-administration-partially-fund-snap-months/story?id=127138175,left
https://abcnews.go.com/International/wireStory/brazils-top-court-backs-putting-bolsonaros-son-trial-127536464,left
https://www.usatoday.com/story/money/personalfinance/real-estate/2025/11/12/50-year-mortgage-homebuyers/87237686007/,left
https://www.cnn.com/2025/12/01/politics/trump-venezuela-threats-pressure,left
https://www.cbsnews.com/video/supreme-court-weighing-trump-can-unilaterally-impose-tariffs/,left
https://abcnews.go.com/US/floating-challenge-trumps-florida-governor-pick-james-fishback/story?id=127603333,left
https://www.nbcnews.com/business/business-news/trump-tariffs-christmas-trees-rcna243334,left
https://www.cnn.com/business/live-news/us-inflation-retail-sales-economy,left
https://abcnews.go.com/Business/stocks-falling-investors-experts-explain/story?id=127589011,left
https://www.cnn.com/2025/11/06/politics/snap-november-payments,left
https://abcnews.go.com/Business/stocks-close-higher-after-trump-tariffs-encounter-skeptical/story?id=127232908,left
https://www.nbcnews.com/news/us-news/shutdown-silver-linings-democrats-europes-hi-tech-drone-war-morning-ru-rcna243379,left
https://www.usatoday.com/story/money/2025/12/02/costco-donald-trump-refund-tariffs-supreme-court-appeal/87559106007/,left
https://www.nbcnews.com/business/markets/sp500-stocks-lags-dozens-countries-rcna243088,left
https://www.cbsnews.com/news/supreme-court-ieepa-tariffs-ruling-trump/,left
https://www.cbsnews.com/news/tariffs-real-christmas-trees-more-attractive-holiday-season/,left
https://www.irishtimes.com/business/2025/11/11/markets-rise-while-ai-nerves-persist/,left
https://www.theverge.com/news/813661/arduboy-fx-c-handheld-console-arduino-usb-c-multiplayer,left
https://www.theverge.com/tech/821707/matter-smart-home-standard-supports-cameras-apple-ring-google-nest,left
https://abcnews.go.com/US/video/president-trump-accuses-democratic-lawmakers-seditious-behavior-127755514,left
http://nymag.com/intelligencer/article/election-results-show-its-the-beginning-of-the-end-of-maga.html,left
https://www.cbsnews.com/video/costco-sues-trump-administration-tariff-refund/,left
https://www.irishtimes.com/your-money/2025/11/24/could-all-the-ai-bubble-warnings-actually-be-a-positive/,left
https://abcnews.go.com/US/supreme-court-justices-skeptical-trumps-tariffs-give-leeway/story?id=127239361,left
http://nymag.com/intelligencer/article/supreme-court-john-roberts-donald-trump.html,left
https://www.irishtimes.com/business/2025/11/16/venture-capital-recovers-in-third-quarter-but-early-deals-falter/,left
https://www.cbsnews.com/news/mikie-sherrill-new-jersey-governor-elect-face-the-nation-transcript-11-09-2025/,left
https://abcnews.go.com/US/wireStory/usda-data-casts-doubt-chinas-soybean-purchase-promises-127541535,left
https://www.irishtimes.com/business/2025/11/17/irish-economy-forecast-to-grow-at-eight-times-euro-area-average/,left
https://www.cnn.com/2025/11/19/politics/trump-epstein-files-release-house-senate-analysis,left
https://www.cbsnews.com/news/kevin-hassett-national-economic-council-face-the-nation-transcript-11-09-2025/,left
https://www.nbcnews.com/politics/politics-news/epstein-saga-re-emerges-house-returns-washington-politics-desk-rcna243588,left
https://www.cnn.com/2025/11/07/politics/fact-check-beef-grocery-prices-trump-vis,left
https://abcnews.go.com/world-news-tonight-with-david-muirT/video/white-house-dealing-fallout-newly-released-epstein-emails-127504550,left
https://abcnews.go.com/International/wireStory/japans-economy-contracts-exports-hit-us-tariffs-127580635,left
https://www.nbcnews.com/politics/trump-administration/trump-issues-order-rolling-back-food-tariffs-rcna244045,left
https://www.nbcnews.com/politics/donald-trump/trump-touts-economic-agenda-gop-election-losses-rcna242161,left
https://abcnews.go.com/US/video/former-president-bush-delivers-eulogy-former-vice-president-127720116,left
https://abcnews.go.com/Business/wireStory/ge-appliances-bolsters-ties-us-suppliers-moves-production-127706280,left
https://abcnews.go.com/Politics/tariffs-donald-trumps-personal-crusade-now-supreme-court/story?id=127137534,left
https://abcnews.go.com/Business/wireStory/chinas-singles-day-shopping-festival-gauge-beijings-effort-127401013,left
https://www.irishtimes.com/business/economy/2025/11/24/fresh-push-for-us-tariff-exemptions-on-whiskey-and-medtech/,left
https://www.irishtimes.com/business/2025/11/12/eli-lillys-blockbuster-weight-loss-drugs-drive-surge-in-irish-exports/,left
https://www.irishtimes.com/business/markets/2025/11/18/european-shares-sink-to-one-month-low-on-us-rates-and-tech-valuations-concerns/,left
https://www.cnn.com/2025/11/14/business/switzerland-us-tariffs,left
https://www.irishtimes.com/your-money/2025/11/28/on-the-money-smart-meter-electricity-bills/,left
https://abcnews.go.com/US/wireStory/editorial-roundup-united-states-127952619,left
https://www.irishtimes.com/business/economy/2025/12/02/debate-on-further-ecb-rate-cut-all-but-closed/,left
https://www.nbcnews.com/business/business-news/trump-bessent-coffee-tariffs-rcna243425,left
https://abcnews.go.com/International/wireStory/brazils-supreme-court-sentences-military-officials-planning-kill-127648173,left
https://www.nbcnews.com/politics/2028-election/early-2028-fight-white-house-ted-cruz-rcna244987,left
https://abcnews.go.com/Politics/supreme-court-hears-trump-tariffs-case-staggering-importance/story?id=126950904,left
https://abcnews.go.com/International/wireStory/brazils-lula-sanctions-increase-tax-exemptions-low-income-127903515,left
https://www.cnn.com/2025/11/21/business/stock-market-dow,left
https://www.nbcnews.com/business/business-news/costco-sues-trump-tariff-refunds-rcna246860,left
https://abcnews.go.com/Business/fed-divided-cutting-interest-rates-matters/story?id=127858053,left
https://www.irishtimes.com/politics/2025/11/22/how-did-simon-harris-perform-in-his-short-time-as-minister-for-foreign-affairs/,left
https://abcnews.go.com/Politics/video/president-trump-nyc-mayor-elect-mamdani-new-york-127767264,left
https://www.nbcnews.com/news/us-news/democrats-push-back-sedition-probe-ukraine-warned-morning-rundown-rcna246001,left
https://www.cnn.com/2025/11/03/politics/fact-check-trump-cbs-interview,left
https://www.irishtimes.com/business/economy/2025/12/03/irish-services-sector-sees-fastest-rise-in-activity-in-more-than-three-years/,left
https://www.nbcnews.com/business/economy/supreme-court-trump-tariff-arguments-economy-rcna241912,left
https://abcnews.go.com/US/video/trump-hed-comfortable-living-nyc-after-meeting-mamdani-127767776,left
https://www.cbsnews.com/news/coffee-tariffs-lifted-portland-cafes-roasters-impact/,left
https://abcnews.go.com/Politics/trump-hell-issue-2000-tariff-dividend-except-high/story?id=127356839,left
https://abcnews.go.com/Business/wireStory/japans-economy-contracts-exports-hit-us-tariffs-127580636,left
https://www.cbsnews.com/news/supreme-court-to-weigh-trump-tariffs/,left
https://abcnews.go.com/Politics/video/president-trump-congratulates-nyc-mayor-elect-zohran-mamdani-127767260,left
https://www.cnn.com/2025/11/04/politics/snap-benefits-trump-threat,left
https://abcnews.go.com/Business/wireStory/major-question-supreme-court-treat-trump-biden-127126954,left
https://abcnews.go.com/Business/wireStory/trump-tariffs-face-supreme-court-test-trillion-dollar-127205879,left
https://www.irishtimes.com/business/2025/11/17/aib-raises-irish-economic-forecasts-amid-resilience-to-tariffs-and-uncertainty/,left
https://www.nbcnews.com/news/us-news/saudi-crown-princes-white-house-visit-impending-release-epstein-files-rcna244554,left
https://www.cbsnews.com/news/employment-retail-seasonal-jobs-hiring-lowest-in-15-years/,left
https://www.cnn.com/2025/11/12/politics/trump-economy-white-house-strategy,left
https://abcnews.go.com/Business/wireStory/tea-tariffs-sparked-revolution-now-creating-angst-127798639,left
https://www.irishtimes.com/business/2025/11/11/investor-angst-over-big-techs-ai-spending-spills-into-bond-market/,left
https://www.nbcnews.com/politics/elections/nearly-dozen-democrats-jump-race-mikie-sherrills-house-seat-rcna245126,left
https://www.cbsnews.com/news/child-care-costs-rent-lendingtree/,left
https://www.nbcnews.com/business/business-news/trump-trade-tariff-rollbacks-rcna244339,left
https://www.nbcnews.com/politics/elections/new-jersey-governor-winner-election-race-2025-rcna238902,left
https://www.irishtimes.com/business/markets/2025/11/13/european-shares-drift-as-investors-await-us-jobs-report/,left
https://www.cnn.com/2025/11/15/business/tariffs-trump-taco-affordability,left
https://www.irishtimes.com/business/economy/2025/11/14/how-a-blockbuster-weight-loss-drug-made-ireland-the-fastest-growing-economy-in-the-world/,left
https://www.irishtimes.com/politics/2025/11/24/micheal-martin-defends-his-foreign-travel-as-vital-to-irelands-international-engagement/,left
https://www.cnn.com/2025/11/10/politics/government-shutdown-trump-rebate-checks-gop-health-care-analysis,left
https://abcnews.go.com/International/video/6-killed-dozens-injured-russian-attacks-kyiv-127538210,left
https://www.cnn.com/2025/11/09/business/wedding-industry-budgets-tariffs,left
https://www.theverge.com/tech/808624/black-friday-cyber-monday-guide-2025,left
https://www.cnn.com/2025/11/13/politics/tariffs-coffee-donald-trump-fact-check,left
https://www.nbcnews.com/business/business-news/walmart-earnings-ecommerce-rcna244853,left
https://www.nbcnews.com/news/us-news/comes-shutdown-epstein-fallout-continues-morning-rundown-rcna243628,left
https://www.nbcnews.com/business/business-news/walmart-ceo-doug-mcmillon-american-retail-rcna243911,left
http://nymag.com/intelligencer/article/tariffs-trump-supreme-court-win-streak-may-be-ending.html,left
https://www.irishtimes.com/business/2025/11/12/eli-lilly-is-fundamental-building-block-of-irish-export-economy/,left
http://nymag.com/intelligencer/article/trump-will-only-free-up-part-of-snap-funding.html,left
https://www.nbcnews.com/politics/politics-news/election-warning-signs-gop-politics-desk-rcna242220,left
https://www.irishtimes.com/business/2025/11/04/pfizer-raises-2025-profit-forecast-for-second-quarter-in-a-row/,left
http://nymag.com/intelligencer/article/democrats-face-huge-decisions-before-the-next-shutdown-cliff.html,left
https://www.theverge.com/news/813025/nintendo-switch-2-sales-september-2025-earnings,left
https://www.irishtimes.com/business/2025/11/21/christine-lagarde-warns-european-growth-is-linked-to-disappearing-world/,left
https://www.cnn.com/2025/11/11/politics/government-shutdown-trump-rebate-checks-gop-health-care-analysis,left
https://abcnews.go.com/Business/wireStory/canadas-top-diplomat-ottawa-working-fast-advance-india-127844807,left
https://www.cbsnews.com/news/italian-pasta-antidumping-duties-imports-disappear-barilla/,left
https://abcnews.go.com/International/wireStory/top-diplomats-g7-countries-meet-canada-trade-tensions-127408692,left
https://www.irishtimes.com/business/markets/2025/11/26/tech-stocks-drive-gains-in-european-shares/,left
https://www.cbsnews.com/video/trump-proposes-tariff-rebate-checks-wake-democratic-election-victories/,left
https://abcnews.go.com/US/video/manhunt-escaped-inmate-violent-tendencies-underway-louisiana-127533525,left
https://www.cnn.com/2025/11/11/politics/tariffs-trump-supreme-court-roberts-tax-analysis,left
https://abcnews.go.com/US/wireStory/black-women-face-unemployment-challenges-roundtable-policymakers-searches-127865640,left
https://abcnews.go.com/International/video/fire-breaks-climate-event-brazil-127745088,left
https://abcnews.go.com/Health/video/nj-man-believed-1st-death-tick-bite-linked-127528600,left
https://abcnews.go.com/Business/trump-tariffs-supreme-court-case-economy/story?id=127167001,left
https://www.nbcnews.com/politics/trump-administration/18-trump-voters-explain-slice-base-unhappy-economic-performance-rcna243440,left
https://thehill.com/homenews/state-watch/5588695-abbott-tariffs-new-yorkers-texas-election/,centre
https://www.bbc.co.uk/news/articles/c2lplg7d9ewo,centre
https://www.rte.ie/news/world/2025/1125/1545829-bolsonaro-court/,centre
https://www.rte.ie/news/business/2025/1106/1542452-diageo-quarterly-results/,centre
https://www.rte.ie/news/business/2025/1121/1545164-europe-eyes-copper-shortage-unless-eu-halts-scrap-exports/,centre
https://www.rte.ie/news/uk/2025/1201/1546742-us-uk-pharma-deal/,centre
https://www.rte.ie/news/analysis-and-comment/2025/1130/1546371-eu-africa/,centre
https://www.rte.ie/news/2025/1201/1546761-beef-recall-europe/,centre
https://www.rte.ie/news/2025/1116/1544218-cop30-analysis/,centre
https://www.rte.ie/sport/rugby/2025/1122/1545304-ireland-ratings-prendergast-and-mccarthy-make-impacts/,centre
https://www.rte.ie/news/analysis-and-comment/2025/1130/1546371-africa-feature/,centre
https://www.rte.ie/news/2025/1106/1542589-cop30-climate-summit/,centre
https://www.rte.ie/news/business/2025/1107/1542674-china-trade-figures/,centre
https://www.rte.ie/news/business/2025/1117/1544346-hyundais-south-korean-investment/,centre
https://www.bbc.co.uk/news/articles/clydjnlm54po,centre
https://www.rte.ie/news/business/2025/1111/1543279-sony-raises-profit-outlook/,centre
https://www.rte.ie/news/environment/2025/1106/1542589-cop30-climate-summit/,centre
https://www.rte.ie/news/us/2025/1105/1542400-us-supreme-court-tariffs/,centre
https://www.rte.ie/news/business/2025/1120/1544908-dr-martens-quarterly-results/,centre
https://www.bbc.co.uk/news/articles/cn0k520v4xro,centre
https://www.rte.ie/news/2025/1202/1546872-brazilian-beef/,centre
https://www.rte.ie/news/business/2025/1202/1546886-tariffs-ai-boom-could-test-global-growths-resilience/,centre
https://thehill.com/homenews/administration/5624163-trump-faces-republican-resistance/,centre
https://www.rte.ie/news/business/2025/1117/1544347-japans-economy-contracts-in-q3/,centre
https://www.rte.ie/news/business/2025/1117/1544326-aib-irish-economy/,centre
https://www.rte.ie/news/business/2025/1117/1544379-euro-zone-economic-outlook/,centre
https://www.rte.ie/news/business/2025/1201/1546741-manufacturing-weakens-in-europe-and-asia/,centre
https://www.rte.ie/news/business/2025/1105/1542259-toyota-ups-profits-forecast/,centre
https://www.rte.ie/news/ireland/2025/1120/1544884-brazil-farming-mercosur/,centre
https://www.rte.ie/news/business/2025/1127/1546246-distillers-renew-call-for-zero-for-zero-deal-with-us/,centre
https://www.rte.ie/news/business/2025/1121/1545102-gap-quarterly-results/,centre
https://www.rte.ie/news/business/2025/1124/1545514-european-union-ministers-meet-us-trade-officials-in-brussels/,centre
https://www.rte.ie/news/business/2025/1201/1546684-dublin-port-hauliers/,centre
https://www.rte.ie/news/business/2025/1104/1542053-philips-quarterly-results/,centre
https://www.rte.ie/brainstorm/2025/1127/1545886-cost-of-living-perceptions-inflation-macroeconomic-indicators-frequency-bias/,centre
https://thehill.com/policy/international/5614066-trump-28-point-ukraine-peace-plan/,centre
https://www.breitbart.com/economy/2025/12/01/breitbart-business-digest-trumps-tariffs-can-fund-tax-relief-for-american-families/,right
https://fortune.com/2025/11/28/free-versus-fair-trade-tariffs-chinese-proverb-break-finger/,right
https://economictimes.indiatimes.com/news/international/us/trump-plots-major-tariff-cuts-to-slash-soaring-grocery-bills-for-millions-of-americans/articleshow/125336362.cms,right
https://fortune.com/2025/11/11/ceo-confidence-rises-trump-tariffs/,right
https://financialpost.com/commodities/steel-producers-cheer-carney-policies-but-fault-pace-reach,right
https://financialpost.com/pmn/shopify-merchants-not-weighed-down-much-by-trade-war-company-says,right
https://fortune.com/2025/11/13/the-big-short-investor-closing-scion-ai-bubble-depreciation-explained/,right
https://financialpost.com/pmn/business-pmn/algoma-steel-to-cut-40-of-staff-as-tariffs-crush-sales,right
https://fortune.com/2025/11/15/italian-pasta-tariff-107-percent-trump-anti-dumping-probe-food-price-inflation/,right
https://financialpost.com/news/canada-household-credit-showing-strain,right
https://economictimes.indiatimes.com/news/economy/foreign-trade/govt-to-roll-out-guidelines-to-implement-export-promotion-mission-from-this-month-comm-secy/articleshow/125388423.cms,right
https://fortune.com/2025/11/10/how-much-would-trump-tariff-dividend-cost/,right
https://fortune.com/2025/11/23/what-happened-crypto-flash-crash-wall-street-stress-test/,right
https://www.foxnews.com/politics/potential-gop-challenger-bruce-blakeman-warns-hochul-against-raising-taxes,right
https://economictimes.indiatimes.com/news/international/global-trends/us-news-2000-tariff-checks-treasury-secretary-reveals-which-us-citizens-could-receive-the-stimulus-checks-check-eligibility-and-other-details/articleshow/125340680.cms,right
https://financialpost.com/pmn/business-pmn/starmer-girds-for-six-month-fight-to-save-his-premiership,right
https://www.breitbart.com/economy/2025/11/14/breitbart-business-digest-the-week-the-feds-own-research-murdered-its-favorite-tariff-theory/,right
https://economictimes.indiatimes.com/news/international/us/could-trumps-2000-tariff-rebate-checks-trigger-inflation-heres-what-experts-are-saying/articleshow/125255465.cms,right
https://fortune.com/2025/11/06/christmas-season-holiday-shopping-forecast-1-trillion-nrf/,right
https://economictimes.indiatimes.com/tech/technology/trumps-semiconductor-tariff-plan-likely-delayed-officials-say/articleshow/125455339.cms,right
https://fortune.com/2025/12/01/costco-trump-tariff-refunds-lawsuit-supreme-court-case-ieepa/,right
https://fortune.com/2025/11/18/generative-ai-from-risk-to-business-imperative-u-s-companies-cfo/,right
https://financialpost.com/pmn/business-pmn/ustr-greer-talks-trade-with-swiss-as-swatch-ceo-blasts-approach,right
https://financialpost.com/pmn/trump-administration-says-it-has-trade-frameworks-with-argentina-ecuador-el-salvador-and-guatemala,right
https://financialpost.com/pmn/business-pmn/us-s-korea-discuss-jointly-building-nuclear-powered-submarines,right
https://economictimes.indiatimes.com/news/economy/indicators/indias-fy26-economic-growth-projection-revised-upwards-to-7-ind-ra/articleshow/125560777.cms,right
https://economictimes.indiatimes.com/news/international/global-trends/us-news-us-citizens-to-receive-2000-tariff-dividend-check-in-november-check-eligibility-and-other-key-criteria/articleshow/125212222.cms,right
https://economictimes.indiatimes.com/news/international/us/us-slashes-tariffs-to-15-for-switzerland-after-reaching-trade-deal-boost-bilateral-investment/articleshow/125336665.cms,right
https://www.breitbart.com/economy/2025/11/03/pmis-october-manufacturing/,right
https://www.foxnews.com/politics/desantis-calls-mamdamis-win-nycs-incredible-act-ballistic-podiatry-fl-expects-exodus,right
https://www.newsweek.com/gorsuch-trump-tariffs-power-10998523,right
https://economictimes.indiatimes.com/news/international/us/tariff-dividend-trumps-2000-tariff-dividend-announcement-who-is-eligible-and-when-will-americans-receive-their-checks/articleshow/125203307.cms,right
https://financialpost.com/pmn/business-pmn/debt-workouts-in-europe-to-peak-in-2026-ey-parthenon-poll-shows,right
https://financialpost.com/pmn/business-pmn/swiss-billionaires-pivotal-in-wooing-trump-ahead-of-tariff-deal,right
https://economictimes.indiatimes.com/news/international/business/swiss-strike-15-tariff-deal-with-us-will-invest-200-billion/articleshow/125336207.cms,right
https://www.foxnews.com/politics/fox-news-politics-newsletter-pentagon-contractor-executive-caught-child-sex-sting-operation,right
https://fortune.com/2025/11/28/black-friday-ultimate-test-desperate-retailers-low-consumer-confidence-collide/,right
https://www.breitbart.com/politics/2025/11/20/sen-bernie-moreno-experts-catastrophically-wrong-trumps-tariffs/,right
https://www.breitbart.com/economy/2025/11/03/leftist-canada-pm-mark-carney-elected-to-challenge-trump-apologizes-to-trump/,right
https://economictimes.indiatimes.com/markets/expert-view/bharti-airtels-africa-recovery-rising-arpus-to-power-growth-tariff-hikes-likely-by-2025-gaurang-shah/articleshow/125074488.cms,right
https://www.foxnews.com/politics/trump-says-tariff-funded-dividend-payments-americans-begin-next-year,right
https://economictimes.indiatimes.com/news/economy/foreign-trade/sezs-raise-concerns-at-us-countervailing-duties-qcos-at-meet-with-commerce-secretary/articleshow/125490113.cms,right
https://economictimes.indiatimes.com/news/international/business/chinas-services-growth-hits-three-month-low-in-october-pmi-shows/articleshow/125099633.cms,right
https://financialpost.com/real-estate/mortgages/housing-market-affordability-improved-canada,right
https://economictimes.indiatimes.com/news/international/business/european-union-says-will-push-united-states-to-lower-steel-tariffs/articleshow/125544397.cms,right
https://www.breitbart.com/politics/2025/11/11/ford-execs-praise-trumps-auto-tariffs-we-are-no-longer-disadvantaged-making-cars-america/,right
https://financialpost.com/pmn/business-pmn/south-africas-everything-rally-hinges-on-economic-promises,right
https://economictimes.indiatimes.com/news/international/us/trumps-2000-tariff-dividend-heres-how-you-will-get-it/articleshow/125223557.cms,right
https://financialpost.com/news/cibc-lenders-stem-insolvencies-economy-semi-recession,right
https://www.breitbart.com/economy/2025/11/13/canadians-still-avoiding-travel-to-u-s-amid-president-trumps-tariffs/,right
https://www.foxnews.com/us/tariffs-push-us-wine-industry-uncertain-territory-really-creates-challenge,right
https://financialpost.com/pmn/switzerland-to-boost-us-investment-as-deal-struck-to-lower-us-tariffs-on-swiss-goods-to-15,right
https://financialpost.com/pmn/oecd-recommends-canada-reform-supply-management-policy,right
https://financialpost.com/pmn/business-pmn/canada-to-curb-steel-imports-help-lumber-firms-hit-by-tariffs,right
https://financialpost.com/commodities/tariff-cut-may-ease-coffee-beef-pain,right
https://www.breitbart.com/economy/2025/11/25/breitbart-business-digest-lutnick-shows-the-world-how-trade-talks-should-work/,right
https://economictimes.indiatimes.com/news/economy/foreign-trade/first-phase-of-india-us-trade-deal-nearing-closure-to-address-tariff-issues-official/articleshow/125385706.cms,right
https://financialpost.com/pmn/air-canada-ramps-up-flights-at-home-overseas-as-travellers-shun-u-s-3,right
https://fortune.com/2025/11/20/trump-tariffs-retreat-1-trillion-less-deficit-reduction/,right
https://fortune.com/2025/11/11/how-e-l-f-beauty-cfo-balancing-value-innovation-tariffs/,right
https://economictimes.indiatimes.com/news/international/us/are-thanksgiving-grocery-prices-really-cheaper-this-year-white-house-claims-affordability-amidst-mixed-inflation-data/articleshow/125544402.cms,right
https://economictimes.indiatimes.com/markets/expert-view/market-has-already-turned-india-outperforming-global-peers-samir-arora/articleshow/125635921.cms,right
https://economictimes.indiatimes.com/news/international/us/supreme-court-tariff-case-will-scotus-declare-trumps-tariffs-illegal-heres-what-to-track/articleshow/125111632.cms,right
https://timesofindia.indiatimes.com/india/cji-on-79-rape-ruling-moment-of-institutional-embarrassment/articleshow/125285027.cms,right
https://economictimes.indiatimes.com/news/economy/indicators/festive-season-data-lifts-indias-economic-outlook-despite-tariff-pressures-report/articleshow/125291550.cms,right
https://financialpost.com/pmn/japans-economy-contracts-as-exports-get-hit-by-us-tariffs,right
https://economictimes.indiatimes.com/opinion/et-commentary/the-fate-of-trump-tariffs-and-us-trade-agreements-including-with-india-hangs-in-balance/articleshow/125140561.cms,right
https://fortune.com/2025/11/09/trump-tariff-dividend-2000-revenue-bessent-tax-cuts-tips-social-security-overtime/,right
https://economictimes.indiatimes.com/news/economy/foreign-trade/export-promotion-measures-launched-to-offset-tariffs/articleshow/125726421.cms,right
https://economictimes.indiatimes.com/news/international/global-trends/a-trump-supreme-court-tariff-defeat-would-add-to-trade-uncertainty/articleshow/125125348.cms,right
https://economictimes.indiatimes.com/markets/expert-view/india-may-be-the-next-big-beneficiary-as-ai-trade-cools-nilesh-shah-on-markets-flows-fy27-outlook/articleshow/125460282.cms,right
https://fortune.com/2025/11/26/china-robots-innovation-advantage-factory-brain-vacuum-roborock/,right
https://financialpost.com/news/home-sales-prices-edged-up-in-october,right
https://fortune.com/2025/12/02/are-layoffs-related-to-ai-job-opening-goldman-sachs/,right
https://fortune.com/2025/11/22/christmas-tree-tariffs-artificial-natural-prices-economy/,right
https://fortune.com/2025/11/07/trump-inflation-justice-department-probe-meatpackers-beef-prices-tariffs-brazil/,right
https://economictimes.indiatimes.com/news/international/us/six-key-details-could-unlock-2000-rebate-check-after-trump-teases-new-stimulus-for-all/articleshow/125302302.cms,right
https://www.breitbart.com/latin-america/2025/11/21/trump-signs-order-to-remove-tariffs-from-brazilian-beef-coffee-and-other-commodities/,right
https://fortune.com/2025/11/21/trump-removes-brazil-tariffs-on-coffee-imports-bolsanaro/,right
https://www.foxnews.com/politics/watch-dems-attempt-explain-why-stock-market-booming-despite-trump-tariffs,right
https://fortune.com/article/ups-reinvention-reveal-modernizing-ai/,right
https://financialpost.com/pmn/business-pmn/us-trade-deficit-narrowed-in-august-after-tariffs-set-in,right
https://fortune.com/2025/11/20/saudi-visit-kennedy-center-trump-mbs-huang-musk-1-trillion/,right
https://www.foxnews.com/tech/apple-releases-ios-26-1-major-security-improvements-new-features-iphone-users,right
https://financialpost.com/pmn/business-pmn/terminal-tariffs-modeling-the-final-destination-of-trumps-trade-war,right
https://fortune.com/2025/11/14/tariffs-holiday-shopping-more-expensive-29-billion-tax-lendingtree/,right
https://www.breitbart.com/politics/2025/11/05/gov-desantis-asks-if-florida-should-impose-tariffs-fleeing-new-yorkers-or-build-wall/,right
https://fortune.com/2025/12/02/trade-war-deficit-national-debt-social-security-supreme-court/,right
https://www.foxnews.com/politics/trumps-signature-tariffs-hang-key-question-about-congress-power-before-supreme-court,right
https://economictimes.indiatimes.com/news/international/global-trends/trump-tariffs-face-supreme-court-test-in-trillion-dollar-test-of-executive-power/articleshow/125102221.cms,right
https://www.breitbart.com/clips/2025/11/09/sherrill-gop-has-become-a-party-of-one-everything-is-for-trump/,right
https://financialpost.com/pmn/business-wire-news-releases-pmn/sunopta-announces-third-quarter-fiscal-2025-financial-results,right
https://financialpost.com/pmn/canada-adds-surprise-67000-jobs-in-october-unemployment-rate-drops-to-6-9-3,right
https://www.foxnews.com/politics/trump-trade-official-says-2k-tariff-payments-wont-fuel-inflation-revenues-climb,right
https://financialpost.com/pmn/business-pmn/supreme-court-confronts-trumps-power-to-disrupt-global-economy,right
https://economictimes.indiatimes.com/markets/stocks/news/bharti-airtel-shares-in-focus-as-promoter-icil-likely-to-offload-rs-7195-crore-worth-stake-via-block-deal/articleshow/125578345.cms,right
https://financialpost.com/pmn/business-pmn/only-us-lawmaker-at-cop30-tells-nations-to-stand-up-to-trump,right
https://fortune.com/2025/11/18/odds-of-president-trump-paying-out-2000-tariff-rebate-checks/,right
https://financialpost.com/pmn/interest-rates-at-low-end-of-ideal-balance-between-growth-and-inflation-macklem,right
https://financialpost.com/pmn/business-wire-news-releases-pmn/rimini-street-announces-additional-stock-repurchase-transactions,right
https://economictimes.indiatimes.com/opinion/et-editorial/lpg-from-russia-us-with-love/articleshow/125417599.cms,right
https://fortune.com/2025/11/28/india-gdp-growth-beats-all-estimates-manufacturing-trump-tariffs/,right
https://economictimes.indiatimes.com/news/economy/foreign-trade/govt-continues-to-work-towards-mitigating-us-tariffs-impact-on-exports/articleshow/125718219.cms,right
https://financialpost.com/pmn/ge-appliances-bolsters-ties-with-us-suppliers-as-it-moves-production-from-china-to-kentucky,right
https://financialpost.com/pmn/business-pmn/european-earnings-defy-gloomy-predictions-fueling-stocks-rally,right
https://www.foxnews.com/entertainment/comedian-john-mulaney-watches-from-cheap-seats-supreme-court-justices-weigh-trumps-tariff-powers,right
https://financialpost.com/news/economy/canada-retail-sales-slow-weakest-pace-in-year,right
https://www.foxnews.com/politics/supreme-court-justices-show-skepticism-trumps-emergency-tariff-powers-during-oral-arguments,right
https://fortune.com/2025/11/17/us-aims-breathe-easy-china-chokehold-rare-earths/,right
https://www.breitbart.com/clips/2025/11/11/wes-moore-voters-are-not-buying-what-trump-is-selling/,right
https://fortune.com/2025/11/15/beef-prices-outlook-inflation-cattle-herd-supply-demand-trump-tariffs/,right
https://financialpost.com/news/economy/world-economy-surprising-resilience-tariffs-oecd,right
https://financialpost.com/opinion/jack-mintz-business-leaders-ottawa-us-trade,right
https://economictimes.indiatimes.com/news/india/putin-to-visit-india-on-december-5-to-attend-russia-india-forum/articleshow/125269992.cms,right
https://timesofindia.indiatimes.com/business/india-business/with-prices-on-boil-trump-lowers-duties-on-tea-spices/articleshow/125360320.cms,right
https://www.breitbart.com/economy/2025/11/24/lutnick-challenges-eus-digital-chokehold-on-us-tech-giants-in-high-stakes-brussels-meeting/,right
https://fortune.com/2025/11/15/tariffs-inflation-demand-shock-unemployment-economic-activity/,right
https://economictimes.indiatimes.com/news/international/global-trends/us-budget-deficit-hits-284-billion-in-october-report-impacted-by-shutdown/articleshow/125577163.cms,right
https://www.breitbart.com/economy/2025/11/20/breitbart-business-digest-the-real-reason-tariffs-lower-inflation/,right
https://financialpost.com/pmn/business-pmn/how-carney-needs-a-new-playbook-to-counter-trump-in-trade-talks,right
https://www.breitbart.com/politics/2025/11/12/another-tariff-victory-general-motors-directs-parts-suppliers-to-ditch-china/,right
https://fortune.com/2025/11/26/canada-india-trade-deal-tariffs-new-ties-china-carney-modi-xi/,right
https://fortune.com/2025/11/18/trump-affordability-crisis-golden-age-mcdonalds-summit/,right
https://economictimes.indiatimes.com/news/economy/foreign-trade/rbi-allows-15-month-time-for-exporters-to-bring-in-proceeds-of-overseas-shipments/articleshow/125327196.cms,right
https://fortune.com/2025/11/24/next-arms-race-is-predictability-ceo-commentary-uncertainty/,right
https://economictimes.indiatimes.com/news/international/us/where-did-my-coffee-go-dunkin-leak-sparks-uproar-over-tariff-shrinkflation-in-every-cup/articleshow/125462970.cms,right
https://financialpost.com/globe-newswire/tomorrow-united-steelworkers-members-take-tariff-fight-to-ottawa-as-part-of-labour-movement-lobby-day,right
https://fortune.com/2025/11/20/tariff-threats-gen-z-sobriety-winemakers-bordeaux-france-tariffs-trump/,right
https://financialpost.com/pmn/business-pmn/us-agrees-to-cut-swiss-tariffs-to-15-after-investment-pledge,right
https://www.breitbart.com/politics/2025/11/28/trump-u-s-may-almost-completely-scrap-income-tax-due-to-tariff-revenue/,right
https://fortune.com/2025/11/04/are-tariffs-a-tax-how-much-revenue-supreme-court-trump/,right
https://fortune.com/2025/11/17/trump-lame-duck-epstein-affordability-thomas-massie/,right
https://financialpost.com/pmn/trump-has-options-if-the-supreme-court-blocks-him-from-imposing-emergency-tariffs,right
https://fortune.com/2025/11/24/levi-ceo-michelle-gass-only-so-much-you-can-absorb-tariffs-price-increases/,right
https://www.wsj.com/business/earnings/home-depot-cuts-outlook-as-home-improvement-slowdown-continues-402251f8,right
https://economictimes.indiatimes.com/news/international/business/iata-warns-tariff-driven-supplier-price-hikes-could-worsen-aircraft-delays-for-airlines/articleshow/125343139.cms,right
https://www.foxnews.com/media/trump-agriculture-secretary-rollins-promises-real-relief-affordability-coming-soon,right
https://financialpost.com/pmn/business-pmn/trump-says-close-to-india-trade-deal-to-bring-tariff-rate-down,right
https://www.foxnews.com/politics/trump-says-those-against-tariffs-serving-hostile-foreign-interests-full-benefit-yet-seen,right
https://economictimes.indiatimes.com/news/international/global-trends/us-news-how-will-trumps-2000-tariff-dividend-be-given-out-to-americans-rebate-checks-would-cost-6-billion/articleshow/125237440.cms,right
https://fortune.com/2025/11/04/what-happened-china-trump-trade-war-truce-xi-rare-earth/,right
https://fortune.com/2025/11/21/rare-earths-ceo-outlook/,right
https://economictimes.indiatimes.com/industry/telecom/telecom-news/bharti-airtel-gets-sp-upgrade-backed-by-strong-q2-earnings-cash-flow-reliance-jio-ipo/articleshow/125398630.cms,right
https://fortune.com/2025/12/01/how-much-revenue-tariffs-less-than-trump-white-house-expected/,right
https://www.foxnews.com/politics/texas-gov-abbott-declares-cair-muslim-brotherhood-terrorist-groups-preventing-land-purchases,right
https://fortune.com/2025/11/10/farmers-feel-betrayed-china-soybean-exports-trump-tariffs/,right
https://financialpost.com/pmn/business-pmn/charting-the-global-economy-disparity-tests-a-resilient-europe,right
https://fortune.com/2025/11/29/national-debt-crisis-private-debt-bonds-tax-great-wealth-transfer/,right
https://financialpost.com/news/india-canada-energy-mineral-ties-us-tariffs,right
https://financialpost.com/pmn/business-pmn/nasdaq-100-set-for-worst-week-since-april-meltdown-markets-wrap,right
https://timesofindia.indiatimes.com/india/special-session-of-punjab-assembly-to-be-held-at-anandpur-sahib-on-nov-24/articleshow/125482793.cms,right
https://fortune.com/2025/12/02/costco-sues-trump-demanding-refunds-on-tariffs-already-paid/,right
https://economictimes.indiatimes.com/news/international/us/trumps-2000-payment-explained-can-tariffs-fund-the-next-stimulus-checks-and-pay-down-us-debt-in-2025/articleshow/125229907.cms,right
https://www.foxnews.com/politics/patriot-pathetic-rino-maverick-republican-thomas-massie-trades-america-first-label-america-only,right
https://www.foxnews.com/opinion/we-need-marshall-plan-tackle-americas-housing-crisis,right
https://www.foxnews.com/world/china-moves-venezuela-maduro-regime-gets-beijing-lifeline-amid-us-tensions,right
https://financialpost.com/pmn/business-wire-news-releases-pmn/watts-water-technologies-reports-strong-third-quarter-2025-results,right
https://economictimes.indiatimes.com/markets/expert-view/etmarkets-smart-talk-with-ipo-valuations-running-hot-aviva-cio-sees-better-value-in-secondary-markets/articleshow/125377987.cms,right
https://www.breitbart.com/politics/2025/11/24/scott-bessent-treasury-department-ending-biden-admin-sanctions-in-bold-initiative-of-leadership/,right
https://www.foxnews.com/politics/barrett-sotomayor-tag-team-interrogation-trump-lawyer-tariff-powers,right
https://www.foxnews.com/politics/trump-rips-former-vp-candidate-immigration-tim-walz-does-nothing-through-fear-incompetence-both,right
https://fortune.com/2025/12/02/elon-musk-warned-trump-about-tariffs-manufacturing-jobs-contracting/,right
https://economictimes.indiatimes.com/news/international/us/dont-count-your-2000-yet-trump-tariff-checks-stuck-until-lawmakers-step-in/articleshow/125386630.cms,right
https://financialpost.com/real-estate/mortgages/mortgage-rates/mortgage-rates-await-trump-tariff-fate,right
https://economictimes.indiatimes.com/opinion/et-commentary/the-asean-mirror-why-india-is-rethinking-its-trade-strategy/articleshow/125113638.cms,right
https://www.breitbart.com/clips/2025/11/05/warren-voters-are-saying-trump-cannot-be-trusted-to-manage-this-economy/,right
https://www.foxnews.com/politics/raspy-voiced-trump-reveals-reason-he-blew-my-stack-heated-discussion,right
https://fortune.com/2025/11/05/supreme-court-conservatives-trump-trillion-dollar-tariff-play/,right
https://www.foxnews.com/media/brian-gazer-says-he-received-blowback-hollywood-after-voting-trump,right
https://economictimes.indiatimes.com/news/international/us/irs-stimulus-payment-november-2025-are-you-getting-1390-direct-deposit-is-irs-stimulus-payment-buzz-true/articleshow/125301879.cms,right
https://fortune.com/2025/11/10/trump-economy-americans-dont-seem-impressed-k-shaped-inflation-tariffs/,right
https://fortune.com/2025/11/20/walmart-ceo-target-ceo-succession-planning/,right
https://fortune.com/2025/11/26/layoffs-economy-how-many-what-companies-fortune-500/,right
https://economictimes.indiatimes.com/news/international/us/stimulus-checks-irs-what-to-know-ahead-of-the-2025-christmas-season/articleshow/125514787.cms,right
https://fortune.com/2025/11/07/what-is-the-k-shaped-economy-wealth-inequality-explainer/,right
https://fortune.com/2025/11/19/does-dunkin-donuts-fill-drinks-without-ice-to-top-tariffs-shrinkflation/,right
https://www.breitbart.com/economy/2025/11/10/breitbart-business-digest-time-to-tariff-chinese-ai/,right
https://fortune.com/2025/11/15/apple-succession-plans-ceo-tim-cook-exec-ai-investment-tech/,right
https://financialpost.com/pmn/business-pmn/korea-says-fact-sheet-with-us-on-trade-security-finalized,right
https://financialpost.com/pmn/business-pmn/merz-backs-eu-tariff-plan-to-help-europes-ailing-steelmakers,right
https://fortune.com/2025/11/26/nobel-laureate-paul-krugman-bitcoin-meltdown-trump-approval-waning-power/,right
https://financialpost.com/globe-newswire/descartes-study-finds-67-of-freight-forwarders-and-customs-brokers-view-technology-as-fundamental-to-growth,right
https://financialpost.com/financial-times/investor-big-techs-ai-spending-bond-market,right
https://fortune.com/2025/11/12/tariffs-big-tax-increase-decent-chunk-economy-in-recession-ubs/,right
https://timesofindia.indiatimes.com/business/international-business/neal-katyal-to-argue-trump-tariff-case-in-us-supreme-court/articleshow/125063647.cms,right
https://www.breitbart.com/politics/2025/11/20/jd-vance-mocks-establishment-media-attending-breitbart-event-i-can-see-their-fake-news-eyes/,right
https://fortune.com/2025/11/10/humana-ceo-jim-rechtin-turnaround/,right
https://economictimes.indiatimes.com/markets/stocks/news/bharti-airtel-shares-in-focus-as-singtel-likely-to-offload-0-8-stake-worth-rs-10300-crore-block-deal/articleshow/125148784.cms,right
https://fortune.com/2025/11/07/trump-tariffs-supreme-court-ieepa-conservative-justices-alito-gorsuch-thomas-liberals/,right
https://financialpost.com/pmn/business-pmn/ecbs-rehn-says-must-account-for-risk-of-slowing-inflation,right
https://financialpost.com/pmn/china-announces-restrictions-on-chemicals-after-deal-with-trump-on-fentanyl-tariffs,right
https://timesofindia.indiatimes.com/business/india-business/hopeful-of-framework-trade-deal-with-us-this-year-commerce-secretary/articleshow/125649734.cms,right
https://financialpost.com/pmn/samsung-and-other-south-korean-firms-pledge-larger-domestic-investments-after-us-tariff-deal,right
https://fortune.com/2025/11/06/trump-tariffs-supreme-court-third-world-status/,right
https://www.foxnews.com/us/trump-meeting-saudi-crown-prince-white-house-more-top-headlines,right
https://financialpost.com/pmn/business-pmn/as-us-rally-pauses-global-stocks-enjoy-historic-outperformance,right
https://fortune.com/2025/11/17/when-will-government-send-tariff-dividend-checks-2026-midyear-trump-bessent/,right
https://fortune.com/2025/11/25/dr-doom-nouriel-roubini-says-no-ai-bubble-growth-recession-american-exceptionalism/,right
https://financialpost.com/pmn/business-pmn/euro-zone-set-for-moderate-growth-after-2025-resilience-eu-says,right
https://financialpost.com/commodities/canada-announce-support-steel-lumber-sectors,right
https://www.breitbart.com/economy/2025/11/09/president-trump-calls-anti-tariff-people-fools-promises-2000-dividends-for-americans/,right
https://economictimes.indiatimes.com/markets/expert-view/infosys-buyback-strengthens-long-term-shareholder-value-parag-thakkar/articleshow/125429511.cms,right
https://www.breitbart.com/politics/2025/11/24/treasury-department-ending-biden-admin-sanctions-issued-as-political-posturing/,right
https://fortune.com/2025/11/25/jobs-report-manufacturing-reshoring-tariffs-factor-job-loss/,right
https://financialpost.com/opinion/opinion-commonwealth-free-trade-deal,right
https://timesofindia.indiatimes.com/india/after-us-tariff-hike-andhra-pradesh-cuts-power-bill-to-help-shrimp-farmers/articleshow/125284983.cms,right
https://fortune.com/2025/11/17/companies-geopolitics-us-china-tensions-malaysia-southeast-asia/,right
https://fortune.com/2025/11/04/trump-tariffs-supreme-court-wilbur-ross-trump-cant-backtrack-horrific-decision/,right
https://fortune.com/2025/11/15/franklin-templeton-ceo-how-to-lead-through-uncertainty/,right
https://www.breitbart.com/politics/2025/11/04/breitbart-business-digest-the-feds-civil-war-over-tariffs-inflation-and-jobs/,right
https://financialpost.com/pmn/business-pmn/bmw-ceo-presses-eu-to-ratify-us-deal-as-tariff-costs-ramp-up,right
https://financialpost.com/pmn/business-wire-news-releases-pmn/ats-reports-second-quarter-fiscal-2026-results,right
https://economictimes.indiatimes.com/news/new-updates/school-assembly-news-headlines-for-3rd-december-top-national-international-sports-business-news-update/articleshow/125717626.cms,right
https://www.foxnews.com/politics/supreme-court-weigh-trump-tariff-powers-blockbuster-case,right
https://www.breitbart.com/economy/2025/11/17/dutta-ends-the-fed/,right
https://fortune.com/2025/11/11/warren-buffetts-last-shareholder-letter-offers-5-lessons-for-ceos-and-warns-that-envy-and-greed-walk-hand-in-hand/,right
https://financialpost.com/news/trump-canada-envoy-trade-talks-sudden-halt,right
https://fortune.com/2025/11/13/affordability-americans-job-anxiety-layoffs-economy/,right
https://economictimes.indiatimes.com/news/economy/policy/maharashtra-forms-task-force-to-shield-msmes-and-exporters-from-trumps-tariffs/articleshow/125281156.cms,right
https://financialpost.com/news/surprise-job-numbers-bank-of-canada-interest-rate-decision-economists,right
https://financialpost.com/pmn/business-pmn/newsom-rebukes-absent-trump-at-global-climate-talks-in-brazil,right
https://fortune.com/2025/11/15/trump-coffee-beef-fruit-tariffs-grocery-affordability/,right
https://economictimes.indiatimes.com/markets/cryptocurrency/crypto-news/down-30-in-2025-bitcoin-erases-years-gains-as-the-crypto-slump-deepens/articleshow/125375428.cms,right
https://economictimes.indiatimes.com/news/international/global-trends/trump-says-us-faces-economic-disaster-if-supreme-court-rules-against-tariffs/articleshow/125238139.cms,right
https://www.breitbart.com/economy/2025/11/05/supreme-court-justices-question-trumps-sweeping-tariff-powers/,right
https://fortune.com/2025/11/16/economy-affordability-k-shaped-donald-trump-base-angry-betrayed/,right
https://financialpost.com/news/retail-marketing/costco-suing-refunds-trumps-tariffs,right
https://financialpost.com/pmn/business-pmn/uk-still-in-talks-with-trump-team-over-steel-whiskey-tariffs,right
https://financialpost.com/pmn/business-wire-news-releases-pmn/altalink-and-its-customers-reach-negotiated-settlement-on-its-2026-2027-general-tariff-application,right
https://fortune.com/2025/11/23/trump-republican-party-grip-weakens-stimulus-midterms-epstein/,right
https://www.foxnews.com/politics/trump-torches-dems-fake-affordability-pitch-gop-panic-deep-red-state-hints-voters-arent-buying,right
https://www.foxnews.com/politics/abbott-vows-impose-100-tariff-anyone-moving-from-nyc-texas-after-election-day,right
https://www.breitbart.com/economy/2025/12/01/indias-factory-growth-slows-under-u-s-tariff-pressure/,right
https://www.breitbart.com/clips/2025/11/21/lutnick-tariff-dividend-check-is-so-people-appreciate-these-tariffs/,right
https://www.breitbart.com/clips/2025/11/06/markey-trump-going-to-get-a-kick-in-the-behind-from-scotus-on-tariffs/,right
https://economictimes.indiatimes.com/news/international/global-trends/us-news-trump-reveals-timeline-for-2000-tariff-dividend-checks-heres-when-us-citizens-could-get-the-amount/articleshow/125374226.cms,right
https://economictimes.indiatimes.com/markets/expert-view/hospitals-cdmos-to-lead-pharma-growth-generics-face-weak-fy27-says-jm-financials-amey-chalke/articleshow/125463811.cms,right
https://economictimes.indiatimes.com/markets/commodities/explained-why-the-us-tagging-silver-as-critical-mineral-could-reshape-its-investment-appeal/articleshow/125245621.cms,right
https://fortune.com/2025/11/29/lab-grown-diamonds-african-economy-botswan-synthetic-vs-natural-stones/,right
https://economictimes.indiatimes.com/news/international/business/china-says-extends-suspension-of-extra-24-tariff-on-us-goods/articleshow/125101446.cms,right
https://economictimes.indiatimes.com/markets/stocks/news/us-stocks-fall-with-tech-shares-sterling-up-as-boe-keeps-rates-unchanged/articleshow/125147591.cms,right
https://www.breitbart.com/economy/2025/11/17/breitbart-business-digest-the-feds-tariff-study-just-blew-up-the-inflation-story/,right
https://financialpost.com/pmn/sellers-in-other-countries-struggle-to-maintain-us-customers-as-holiday-shopping-season-starts,right
https://financialpost.com/commodities/carney-cranks-up-steel-import-restrictions,right
https://economictimes.indiatimes.com/news/economy/foreign-trade/india-should-press-us-to-roll-back-russian-oil-tariffs-before-trade-deal-gtri/articleshow/125267647.cms,right
https://economictimes.indiatimes.com/news/international/global-trends/trumps-semiconductor-tariff-plan-likely-delayed-officials-say/articleshow/125450620.cms,right
https://www.breitbart.com/economy/2025/11/12/breitbart-business-digest-the-fed-hawks-dangerous-gamble/,right
https://fortune.com/2025/11/22/lula-trump-tariffs-brazil-coffee/,right
https://financialpost.com/financial-times/supreme-court-trump-tariff-power,right
https://economictimes.indiatimes.com/news/international/us/bitcoin-ethereum-xrp-price-today-analysis-prediction-and-solana-cardano-bnb-dogecoin-trump-tron-performance-why-is-bitcoin-xrp-rising-todaybitcoin-touches-103000-again-could-fall-to-88000-and-xrp-rises-to-2-35-crypto-market-cryptocurrency-federal-reserve-rate-etf-flows-ripple-digital-asset-futures-market/articleshow/125132977.cms,right
https://fortune.com/2025/11/05/ulta-beauty-ceo-kecia-steelman-leadership-next-cosmetics-makeup/,right
https://timesofindia.indiatimes.com/city/coimbatore/crisis-caused-by-us-tariff-hike-is-expected-to-be-resolved-by-dec-tai/articleshow/125303480.cms,right
https://financialpost.com/pmn/business-pmn/groww-ipo-to-test-indias-investor-appetite-after-lenskarts-muted-debut,right
https://www.breitbart.com/clips/2025/11/09/lankford-democrats-are-using-suffering-people-as-leverage/,right
https://economictimes.indiatimes.com/news/international/us/truth-about-the-600-stimulus-checks-who-qualifies-and-when-payments-could-arrive/articleshow/125117444.cms,right
https://fortune.com/2025/11/26/tariffs-impact-on-shoppers-de-minimis-americans-sticker-shock/,right
https://economictimes.indiatimes.com/markets/expert-view/earnings-rebound-tariff-deal-hopes-position-markets-for-a-strong-two-year-run-nilesh-shetty/articleshow/125612611.cms,right
https://www.breitbart.com/economy/2025/11/19/breitbart-business-digest-tariffs-as-a-macro-economic-management-tool/,right
https://fortune.com/2025/11/24/trump-affordable-care-act-subsidies-affordability-crisis-mamdani-centene-stock-cnc-oscar-shares/,right
https://www.theglobeandmail.com/business/commentary/article-mark-carney-major-projects-patchwork-economic-growth/,right
https://financialpost.com/pmn/business-pmn/canadas-corporations-churning-out-profits-despite-tariff-hit,right
https://financialpost.com/pmn/business-pmn/canada-retail-sales-slow-in-third-quarter-as-tariffs-persist,right
https://financialpost.com/pmn/uk-and-us-agree-zero-tariff-deal-on-pharmaceuticals,right
https://www.wsj.com/business/energy-oil/oil-market-faces-growing-surplus-as-inventories-climb-iea-says-d6d7b629,right
https://economictimes.indiatimes.com/news/economy/policy/budget-no-9-for-sitharaman-new-refinance-window-sarfaesi-act-tweak-top-bfsi-industrys-wish-list-for-2026-27/articleshow/125434659.cms,right
https://financialpost.com/pmn/business-pmn/south-korea-submits-special-bill-aimed-at-cutting-us-car-levies,right
https://www.wsj.com/economy/central-banking/feds-daly-backs-december-rate-cut-citing-vulnerable-labor-market-07a497b6,right
https://www.foxnews.com/politics/trump-issues-complete-total-endorsement-lone-star-governors-race,right
https://economictimes.indiatimes.com/news/economy/foreign-trade/afghanistan-offers-tax-breaks-free-land-to-attract-indian-investors/articleshow/125485507.cms,right
https://fortune.com/2025/11/21/soybean-farmers-uncertain-us-china-biggest-purchase-two-years/,right
https://www.wsj.com/finance/stocks/global-markets-show-signs-of-stabilization-after-tech-selloff-94713e56,right
https://financialpost.com/opinion/william-watson-carney-takes-up-the-art-of-the-political-deal,right
https://fortune.com/2025/11/13/record-government-shutdown-agreement-ends-funding-january-agencies/,right
https://economictimes.indiatimes.com/news/international/us/social-security-2000-trump-tariff-dividend-check-for-americans-who-are-likely-to-receive-who-may-not/articleshow/125548407.cms,right
https://www.breitbart.com/tech/2025/11/17/elon-musks-tesla-to-eliminate-chinese-components-from-american-made-vehicles/,right
https://fortune.com/2025/11/28/black-friday-shoppers-underwhelmed-deals-crowds/,right
https://www.breitbart.com/economy/2025/12/02/costco-sues-u-s-government-to-protect-possible-tariff-refunds/,right
https://financialpost.com/pmn/canada-adds-surprise-67000-jobs-in-october-unemployment-rate-drops-to-6-9,right
https://economictimes.indiatimes.com/news/economy/foreign-trade/india-us-air-cargo-plummets-to-nine-year-low-amid-trump-tariff-spike/articleshow/125242997.cms,right
https://fortune.com/2025/11/26/stock-market-investors-ignore-nvidia-global-rally/,right
https://financialpost.com/pmn/business-pmn/global-stock-leaderboards-are-ruled-by-europe-in-rare-dominance,right
https://timesofindia.indiatimes.com/world/us/with-prices-on-boil-trump-lowers-duties-on-tea-spices/articleshow/125360320.cms,right
https://financialpost.com/pmn/business-pmn/india-canada-deepen-energy-mineral-ties-amid-us-tariffs,right
https://fortune.com/2025/11/16/bessent-trump-2000-tariff-dividend-check-congressional-vote/,right
https://fortune.com/2025/11/16/grocery-prices-affordability-crisis-trump-tariff-exemptions-2026-midterm-elections/,right
https://fortune.com/2025/11/10/american-history-politics-immigration-like-gilded-age-19th-century-trump-cleveland/,right
https://timesofindia.indiatimes.com/india/with-prices-on-boil-trump-lowers-duties-on-tea-spices/articleshow/125360377.cms,right
https://financialpost.com/globe-newswire/dorel-reports-third-quarter-2025-results,right
https://fortune.com/2025/11/07/nasdaq-100-worst-week-since-april-bear-market-correction/,right
https://www.breitbart.com/economy/2025/12/01/manufacturing-surveys-show-conflicting-signals-growth-or-contraction/,right
https://economictimes.indiatimes.com/news/international/us/when-are-americans-getting-the-2000-stimulus-check-tariff-dividend-check-date-and-all-details/articleshow/125276011.cms,right
https://www.foxnews.com/opinion/liz-peek-why-every-affordable-promise-from-democrats-ends-up-costing-you-more,right
https://economictimes.indiatimes.com/markets/stocks/earnings/novelis-q2-net-income-rises-27-yoy-to-163-million-on-higher-aluminium-prices/articleshow/125090203.cms,right
https://financialpost.com/pmn/canada-adds-surprise-67000-jobs-in-october-unemployment-rate-drops-to-6-9-4,right
https://financialpost.com/globe-newswire/canadians-take-on-more-credit-amid-lower-interest-rates-as-mortgage-churn-rises-and-economic-disparities-deepen,right
https://financialpost.com/pmn/eby-says-b-c-wont-run-anti-tariff-ads-alone-as-it-had-planned-2,right
https://economictimes.indiatimes.com/wealth/save/air-ticket-price-hike-at-delhi-mumbai-airports-will-flight-tickets-at-indias-2-major-airports-get-significantly-costlier-after-huge-rise-in-user-fee/articleshow/125693583.cms,right
https://financialpost.com/pmn/trumps-us-tariff-reversal-hailed-as-victory-by-brazilian-coffee-exporters,right
https://economictimes.indiatimes.com/markets/forex/rupee-could-bounce-to-88/-on-trade-deal-slip-to-90-5-with-delay/articleshow/125527940.cms,right
https://economictimes.indiatimes.com/markets/ipos/fpos/fpis-favour-ipos-again-pump-1-3-billion-into-primary-market-in-november/articleshow/125682847.cms,right
https://economictimes.indiatimes.com/news/international/us/trumps-2000-tariff-dividend-who-qualifies-and-who-gets-left-out/articleshow/125249527.cms,right
https://financialpost.com/financial-times/christine-lagarde-european-growth-disappearing-world,right
https://economictimes.indiatimes.com/news/international/global-trends/trump-administration-prepares-tariff-exemptions-in-bid-to-lower-food-prices/articleshow/125312833.cms,right
https://financialpost.com/pmn/business-pmn/reeves-finally-faces-day-of-reckoning-on-her-long-trailed-budget,right
https://financialpost.com/globe-newswire/central-1-reports-2025-third-quarter-financial-results,right
https://www.breitbart.com/sports/2025/11/19/toyota-ceo-goes-full-maga-at-japan-nascar-event/,right
https://financialpost.com/pmn/business-pmn/trumps-canada-envoy-sees-trade-talks-resuming-after-sudden-halt,right
https://fortune.com/2025/11/03/subprime-super-prime-loan-lending-credit-k-shaped-economy/,right
https://fortune.com/2025/11/13/swiss-billionaires-trump-tariff-deal/,right
https://www.foxnews.com/us/erika-kirk-recalls-last-moments-charlie-before-his-assassination-more-top-headlines,right
https://fortune.com/2025/11/07/trump-tariffs-americans-gaining-tremendously-affordability/,right
https://www.foxnews.com/opinion/jonathan-turley-supreme-court-ruling-trump-tariffs-comes-down-numbers-game,right
https://www.breitbart.com/clips/2025/11/12/bessent-real-wages-are-going-to-increase-easing-affordability-issues/,right
https://economictimes.indiatimes.com/news/economy/foreign-trade/indian-spices-tea-exporters-get-a-breather-as-trump-lowers-tariffs/articleshow/125361451.cms,right
https://economictimes.indiatimes.com/opinion/et-editorial/markets-seek-safety-in-large-caps-as-small-firms-face-correction-and-global-headwinds/articleshow/125066335.cms,right
https://economictimes.indiatimes.com/news/international/global-trends/4-things-can-happen-if-court-throws-out-trump-tariffs/articleshow/125136314.cms,right
https://fortune.com/2025/11/21/vix-cboe-volatility-index-highest-level-trump-tariffs-nvidia-tech-stocks-valuations/,right
https://financialpost.com/pmn/business-pmn/worlds-top-aluminum-producer-adds-markups-as-trump-tariffs-drive-up-consumer-costs,right
https://financialpost.com/pmn/canada-adds-surprise-67000-jobs-in-october-unemployment-rate-drops-to-6-9-2,right
https://economictimes.indiatimes.com/news/international/us/trump-2000-tariff-stimulus-check-why-the-math-doesnt-match-and-why-most-americans-wont-see-the-tariff-dividend-anytime-soon/articleshow/125567012.cms,right
https://financialpost.com/pmn/indias-oil-imports-and-other-issues-will-be-on-the-agenda-for-putin-meeting-with-modi,right
https://fortune.com/2025/11/23/tea-tariffs-taxation-without-representation-american-revolution-history/,right
https://www.breitbart.com/economy/2025/11/14/fed-study-vindicates-trump-trade-policy-150-years-of-evidence-shows-tariffs-lower-inflation/,right
https://timesofindia.indiatimes.com/business/india-business/ril-shuts-off-russian-oil-at-export-only-refinery/articleshow/125468116.cms,right
https://www.breitbart.com/tech/2025/11/28/south-korean-regulators-threaten-u-s-korea-trade-understanding-with-anti-american-tech-crackdown/,right
https://www.breitbart.com/latin-america/2025/11/03/report-chinas-temu-and-shein-cornered-in-the-u-s-by-trump-ravaging-local-markets-in-colombia/,right
https://www.breitbart.com/clips/2025/11/14/gop-rep-bacon-trumps-tariffs-one-of-the-primary-causes-for-gop-election-losses/,right
https://financialpost.com/news/trump-tariffs-fate-rides-on-supreme-court,right
https://economictimes.indiatimes.com/markets/expert-view/earnings-season-signals-early-recovery-but-markets-still-driven-by-bottom-up-stock-picking-deepak-shenoy/articleshow/125402286.cms,right
https://fortune.com/2025/11/14/us-soybean-farm-economy-crisis-us-china-trade-deal-trump-xi-summit/,right
https://economictimes.indiatimes.com/markets/stocks/news/wall-st-ends-higher-on-growing-bets-for-december-fed-rate-cut/articleshow/125602816.cms,right
https://fortune.com/2025/11/21/usa-rare-earth-ceo-barbara-humpton-describes-manhattan-project-to-wean-u-s-from-dependence-on-china/,right
https://economictimes.indiatimes.com/markets/expert-view/nominal-gdp-slowdown-rings-alarm-despite-strong-8-2-real-growth-careedges-rajani-sinha/articleshow/125710195.cms,right
https://economictimes.indiatimes.com/news/economy/foreign-trade/india-25-percent-trump-tariff-russian-oil-import-rollback-gtri/articleshow/125428479.cms,right
https://economictimes.indiatimes.com/news/international/world-news/moscow-notes-delhis-us-tariff-strain-reaffirms-no-limits-relations/articleshow/125725990.cms,right
https://financialpost.com/pmn/sour-puss-moves-some-liqueur-production-to-canada-after-trade-war-devastates-sales,right
https://economictimes.indiatimes.com/news/international/us/bitcoin-price-crash-news-btc-falls-below-97000-to-six-month-low-despite-u-s-government-reopening/articleshow/125321076.cms,right
https://fortune.com/2025/11/03/trump-tariffs-supreme-court-foreign-policy-weapon/,right
https://economictimes.indiatimes.com/markets/stocks/news/an-overlooked-fii-trade-is-exploding-with-rs-43000-crore-flows-will-2026-belong-to-jio-airtel/articleshow/125628813.cms,right
https://financialpost.com/news/canadas-corporations-churning-out-profits-despite-tariff-hit,right
https://economictimes.indiatimes.com/markets/expert-view/market-primed-for-new-highs-on-strong-earnings-rate-cut-hopes-nischal-maheshwari/articleshow/125533319.cms,right
https://financialpost.com/globe-newswire/cnh-industrial-n-v-reports-third-quarter-2025-results,right
https://economictimes.indiatimes.com/markets/stocks/news/pre-market-action-heres-the-trade-setup-for-todays-session/articleshow/125288006.cms,right
https://fortune.com/2025/11/25/why-is-black-female-unemployment-so-high-7-5-percent/,right
https://fortune.com/2025/11/27/tesla-cofounder-jb-straubel-redwood-materials-urban-mines-battery-recycling-critical-minerals/,right
https://fortune.com/2025/11/11/bitcoin-traders-are-still-rattled-after-340-billion-wipeout/,right
https://fortune.com/2025/11/16/china-us-soybean-purchases-trump-xi-jinping-trade-deal/,right
https://financialpost.com/pmn/business-pmn/its-trumps-economy-now-and-americans-dont-seem-to-love-it,right
https://financialpost.com/pmn/whats-missing-from-the-carney-governments-first-federal-budget,right
https://www.breitbart.com/economy/2025/12/02/sharpie-maker-cutting-900-jobs-to-strengthen-competitiveness/,right
https://www.breitbart.com/politics/2025/11/11/newsom-says-trump-gave-middle-finger-to-brazil-over-tariffs/,right
https://economictimes.indiatimes.com/news/international/world-news/the-new-great-game-over-rare-earths/articleshow/125062644.cms,right
https://financialpost.com/pmn/business-wire-news-releases-pmn/jamieson-wellness-inc-reports-third-quarter-2025-results,right
https://financialpost.com/pmn/eby-says-b-c-wont-run-anti-tariff-ads-alone-as-it-had-planned,right
https://www.foxnews.com/politics/fox-news-politics-newsletter-david-hogg-calls-dems-reignite-american-dream-after-mamdani-win,right
https://economictimes.indiatimes.com/opinion/et-editorial/dont-count-an-a-quick-rate-cut/articleshow/125305531.cms,right
https://www.breitbart.com/economy/2025/11/18/breibart-business-digest-how-the-federal-reserve-got-tariffs-backward/,right
https://financialpost.com/news/high-coffee-prices-are-here-to-stay-for-u-s-consumers-despite-tariff-cuts,right
https://fortune.com/crypto/2025/11/06/the-crypto-market-may-be-out-of-gas-as-bitcoin-dips-under-100k-and-alt-coins-plummet/,right
https://financialpost.com/pmn/business-pmn/most-canadians-say-us-trade-deal-unlikely-in-next-six-months,right
https://financialpost.com/pmn/business-pmn/euro-zone-inflation-near-2-to-seal-deal-on-ecb-rate-hold,right
https://www.foxnews.com/media/houston-police-union-recruits-disgusted-nypd-officers-after-nyc-elects-mamdani,right
https://financialpost.com/globe-newswire/ero-copper-reports-third-quarter-2025-operating-and-financial-results,right
https://fortune.com/2025/11/24/f1-las-vegas-grand-prix-sponsors-profit-mclaren-zak-brown/,right
https://fortune.com/2025/11/18/satya-nadella-microsoft-ignite-communicator-in-chief-ai-fears/,right
https://financialpost.com/pmn/price-vs-patriotism-holiday-season-a-test-for-buy-canadian-sentiment,right
https://economictimes.indiatimes.com/opinion/et-editorial/rbi-right-to-calm-not-peg-the-rupee/articleshow/125570930.cms,right
https://www.wsj.com/business/earnings/j-m-smucker-narrows-fy-guidance-as-profit-revenue-rise-ee5ab6ae,right
https://www.newsweek.com/trump-is-losing-his-grip-maga-11045179,right
https://www.breitbart.com/politics/2025/11/19/trump-on-fed-chair-powell-id-love-to-fire-his-a/,right
https://economictimes.indiatimes.com/news/economy/foreign-trade/india-races-to-shield-exporters-as-us-tariffs-bite-major-scheme-guidelines-set-to-be-released-soon/articleshow/125568881.cms,right
https://www.foxnews.com/politics/fox-news-politics-newsletter-us-envoy-gave-russian-aide-tips-on-selling-ukraine-deal,right
https://economictimes.indiatimes.com/news/economy/indicators/budget-2026-a-close-look-at-indias-gdp-growth-rate-before-sitharamans-key-announcements-in-lok-sabha/articleshow/125714943.cms,right
https://www.breitbart.com/politics/2025/11/04/jim-banks-torches-andy-barr-for-sneering-at-nate-morriss-working-class-roots/,right
https://fortune.com/2025/11/23/what-will-trump-do-about-tariffs-supreme-court-ruling-plan-b/,right
https://www.breitbart.com/economy/2025/11/17/construction-spending-accelerates-in-august-defying-forecasts/,right
https://www.foxnews.com/politics/trump-warns-supreme-court-tariff-showdown-life-death-america,right
https://fortune.com/2025/11/12/trump-tariff-dividend-2000-math-doesn-work/,right
https://www.breitbart.com/economy/2025/11/14/trump-announces-trade-deals-throughout-latin-america/,right
https://economictimes.indiatimes.com/markets/stocks/news/wall-street-dips-as-yields-climb-crypto-stocks-tumble/articleshow/125707344.cms,right
https://financialpost.com/pmn/business-wire-news-releases-pmn/cradlewise-declares-no-tariff-black-friday-800-off-nations-top-ai-smart-crib,right
https://economictimes.indiatimes.com/markets/expert-view/india-can-surprise-on-the-upside-in-202526-if-exports-revive-inflation-stays-low-christian-de-guzman-moodys/articleshow/125324376.cms,right
https://fortune.com/2025/11/17/malaysia-trump-tariffs-finance-minister-amir-hamzah-azizan/,right
https://www.breitbart.com/economy/2025/11/12/exclusive-u-s-firms-describe-climate-of-fear-in-south-korea-as-trump-targets-non-tariff-barriers/,right
https://economictimes.indiatimes.com/news/international/us/irs-stimulus-check-november-2025-is-a-2000-trump-stimulus-check-really-coming-in-november-or-are-irs-payment-rumors-false/articleshow/125331092.cms,right
https://fortune.com/2025/11/17/cities-rural-divide-affordability-inflation-economy-trump-tariffs-immigration/,right
